id,Tg,FFV,Tc,Density,Rg
1109053969,133.12708,0.37693852,0.20366837,1.0939125,16.848637
1422188626,134.98352,0.37389866,0.22544912,1.1126636,19.32171
2032016830,106.61779,0.35528842,0.22294296,1.1775659,19.11645
